Name,Email,Country
George Beach,est.Nunc@vitae.org,Fiji
Ashely Hall,eu.enim@semsemper.net,Jamaica
Irene Ellis,a.magna.Lorem@vulputaterisus.edu,Malta
Katell Crane,Donec.sollicitudin@vitaealiquam.com,Micronesia
Yeo Snyder,non.lacinia.at@elementumpurus.com,Turkmenistan
Clarke Griffith,Fusce.dolor@nunc.co.uk,Croatia
Lyle Mcdonald,eget.laoreet.posuere@Crasvehicula.org,Slovakia
Walter Newton,Etiam@velconvallisin.ca,Slovakia
Elizabeth Rivers,Aliquam.gravida@Maurisblandit.ca,Cocos (Keeling) Islands
Cailin Workman,cubilia.Curae@justoeuarcu.org,Malta
Halla Gaines,non@tinciduntadipiscingMauris.ca,Guernsey
Camille Nicholson,quis@tristiquepellentesque.ca,United States
Nicole Stout,turpis.vitae.purus@Donec.co.uk,New Caledonia
Elizabeth Austin,varius@magna.edu,Sierra Leone
Ella Osborn,faucibus.leo@enim.co.uk,Belize
Raya Richmond,ut.nisi@Pellentesquehabitant.com,Finland
Xavier Crawford,Cras@luctusaliquet.co.uk,Antarctica
Clarke Gill,neque@turpisegestasAliquam.org,Denmark
Byron Conway,Nam.porttitor@musDonec.co.uk,Ireland
Martha Collins,risus.a.ultricies@lobortisaugue.co.uk,Trinidad and Tobago
Idona Suarez,Cras.convallis.convallis@augue.edu,American Samoa
Halee Castaneda,Nunc@sapienAenean.edu,Croatia
Dai Silva,sapien.molestie.orci@Proinvelnisl.org,Vanuatu
Rooney Bailey,amet.faucibus@molestiepharetra.net,Sri Lanka
